state,state_abbrev,patient_discharge_categories,antpostfusion_453-455,backneck_518-520,bariatric_619-621,bilateral_major_lower_extremity_461-462,hand_wrist_513-514,hip_femur_not_joint_480-482,hip_knee_replace_469-470,hip_knee_revise_466-468,upper_joint_limb_reattach_483-484,knee_other_485-489,lower_extremity_humer_492-494,other_musc_515-517,shoulder_elbow_forearm_510-512,major_joint_shoulder_elbow_507-508,spinal_fusion_curve_malig_infect_456-458,spinal_fusion_except_cervical_459-460,spinal_neuro_28-30,coronary_bypass_234-236,cervical_spinal_fusion_471-473
Arizona,AZ,18-44,38393.42276,12480.7156,11953.99617,21012.29062,7843.713043,19550.09781,15032.87355,18304.54831,16633.82017,14651.97873,15289.48954,20617.41153,13506.26178,12682.98742,51761.81372,26204.56654,25874.44842,38285.60039,18246.4571
Arizona,AZ,45-64,45945.03352,11706.23504,12543.16597,22219.52313,9622.472223,16504.98632,13950.79367,21280.04078,15049.12401,13633.52883,16243.53721,18401.81729,13667.03738,12856.55354,52832.74129,27603.111,28565.4214,34216.72358,19066.42975
Arizona,AZ,Male,44230.70504,12640.49486,13216.40462,22140.86544,8573.510763,16643.93035,14179.43146,21811.24444,14501.79895,13854.35869,15891.14649,19941.97574,12898.16619,12866.80205,51824.81665,28235.97215,32982.77658,34502.00509,20536.61252
Arizona,AZ,Female,45206.15757,11731.65996,12137.12024,22035.17968,8323.097972,15266.53304,14018.84582,20760.11167,15622.71045,13264.32829,14586.21332,18629.43675,12533.4918,14403.50398,53453.09095,26816.97745,30332.28812,35084.15514,18884.31724
Arkansas,AR,18-44,45574.1479,7402.836992,7761.695339,14241.14664,6766.202198,14832.71376,11855.47033,17992.74337,10343.0162,9120.496506,10881.42657,14659.19158,10794.35777,10677.77568,47529.06585,20532.8204,17186.32337,24016.72571,10194.58049
Arkansas,AR,45-64,41308.80167,7976.307013,8240.137299,14124.09601,6910.61143,11264.16106,11131.79555,16507.40306,12015.79658,9211.208745,11021.64878,15017.33732,10241.88733,10677.77568,45522.87154,19544.86571,17920.20696,24476.15994,11860.895
Arkansas,AR,Male,40534.63737,8477.673214,8323.26582,13850.10861,6564.259527,11634.36842,11293.72872,17539.2778,11795.29048,10020.06121,11585.61957,17464.59033,10104.2569,11876.43204,49695.93039,20471.71997,24340.93704,24911.93645,12771.61726
Arkansas,AR,Female,47521.2272,8281.656195,8067.845522,14514.13546,6581.443319,10634.60594,11151.19145,17841.31503,12399.02053,9155.371766,9813.434919,12808.49675,8377.601606,9479.11933,44210.61655,19681.92625,16892.70576,26111.42481,11298.28766
California,CA,18-44,56797.51485,16729.21433,14820.67587,40481.83437,10847.25979,26062.76199,22956.60607,30750.0185,21729.06214,20469.98082,20453.70338,25240.45343,15964.05617,15708.75211,74959.92185,37264.22203,37099.52688,52876.47753,23869.84639
California,CA,45-64,64599.74249,17098.11939,16160.65715,34339.92527,12291.79766,23652.50775,20978.55087,30710.43622,22186.13668,19756.10395,21740.41997,27779.61195,17274.37164,14771.3553,76243.53921,37928.38067,38906.73581,53279.73761,25202.34166
California,CA,Male,66873.90628,18137.62667,17171.92339,35601.76836,11466.40889,23241.40927,21312.5892,32379.85883,22139.97418,20072.17901,19674.13653,26814.67138,15565.23443,16214.96667,75254.55105,39017.07801,43242.73132,52610.77294,27626.18433
California,CA,Female,67162.31428,17415.15371,15270.38582,35694.38953,11896.1905,21348.77566,21120.06552,30716.66585,22816.00407,19334.98584,18204.1546,23704.75107,14892.77937,15485.29408,69326.3702,37259.57893,36282.13086,54164.98618,25408.32506
Colorado,CO,18-44,47924.72889,13621.37472,13541.50917,36353.27738,11982.47391,19672.49589,17249.49496,20660.24896,19420.53764,20745.8089,19251.54292,18943.16291,16510.85779,16083.018,62424.55291,31704.75108,23146.45295,40586.51548,19118.01814
Colorado,CO,45-64,55077.21046,14031.11467,14065.38492,30164.06366,8903.024177,18683.39017,17381.29,24065.12982,18902.96773,17811.104,18549.03896,19430.15957,16490.14054,14955.06086,60854.94299,34083.92758,33334.40728,38115.14222,21040.97568
Colorado,CO,Male,56760.48962,13866.05407,15055.89281,30356.06809,10381.46394,18668.62017,17774.34879,25259.84911,18456.74478,17909.98837,18900.90016,19486.15306,16542.74878,16514.42193,61247.01647,35205.85347,29315.24764,38554.85063,22206.07819
Colorado,CO,Female,55710.97056,14385.73668,13539.71263,29305.09057,9814.688437,17468.36941,17461.42525,24403.92319,19263.98373,17352.14709,17241.14593,18550.39253,14302.51757,15423.22377,58612.40906,33651.57105,25966.41176,39624.85195,20522.13543
Florida,FL,18-44,44970.17388,12049.15025,12211.02117,22947.98833,7833.849027,18747.34561,15423.69993,19259.60171,15715.28791,15436.88977,14770.15707,18843.26546,11900.07366,12903.92573,53031.12463,24626.10635,21702.58867,33721.04203,14771.15025
Florida,FL,45-64,46947.19595,11954.3475,12900.54776,21716.06064,8892.853729,15745.56439,14192.76598,20565.46295,16204.21529,13936.1161,15129.47416,17349.45026,11758.8766,11376.6105,44389.56537,24893.02639,24834.0184,33440.40376,15721.93641
Florida,FL,Male,47850.48634,12232.59038,13590.64452,21458.16105,8338.692541,15937.70021,14256.536,21182.54552,15960.36942,14606.80976,15025.79958,17184.56767,11392.49602,11422.24748,49764.14664,25175.98766,25946.72114,32821.05508,17009.23422
Florida,FL,Female,47886.90844,12073.16191,12384.70312,21039.35872,8892.4879,14457.1227,13903.54372,20598.90012,16475.07841,12903.66328,13726.25184,14267.20687,10740.92951,12253.03094,50799.52367,24234.8873,20914.37969,33793.60509,15400.99695
Hawaii,HI,18-44,73827.00199,23072.79389,12125.81722,28527.40212,9496.264391,23209.253,16195.16132,28180.08698,20377.06713,12670.53001,19027.91026,22466.35747,13525.01398,,58908.53372,40225.27906,29106.0267,42168.2,26738.18786
Hawaii,HI,45-64,66726.51484,23072.79389,12481.00032,27395.85665,13936.32456,23996.80218,17469.99439,27219.38009,19553.79027,19164.57984,19701.64035,19852.45702,15876.3359,,72516.95929,36644.18303,34145.80476,39872.00391,23393.91487
Hawaii,HI,Male,74732.11851,24228.38167,13396.32032,26350.18296,10740.04045,22502.82523,17560.05949,30087.09123,21324.24638,18792.8036,19513.52324,19440.15498,13539.95522,,54742.34977,34186.15363,41115.59881,42212.53961,24974.16491
Hawaii,HI,Female,72861.54437,21281.63281,12061.83322,30202.18609,11464.8036,20006.18273,17454.83665,26629.53213,19410.9443,17826.94601,16857.56014,20898.14545,13834.97773,,61433.49369,35863.09154,29574.81646,42018.48863,22919.32067
Illinois,IL,18-44,49968.42269,13223.50701,14852.3792,29275.91892,10135.04081,21181.81109,17525.22379,24549.48279,18935.27283,16140.92792,16664.33624,22056.62163,13669.46356,15951.32289,68639.07178,32064.59022,27362.19008,40610.74741,17886.32988
Illinois,IL,45-64,60582.69313,13473.94988,16378.74458,27197.37883,10142.06597,19116.70662,16741.8387,23935.93055,18990.77721,14409.67793,17263.64878,20588.57442,13689.59309,13097.07278,65507.82167,32951.38167,26024.72369,39903.70011,20588.05398
Illinois,IL,Male,60987.98997,13289.74735,16922.33124,28042.70706,10283.5766,18559.30928,17036.89361,24704.24748,18912.69645,15289.90205,17077.49379,21935.61987,13268.15109,13240.44122,67393.81553,33110.8879,29902.7167,39806.78243,21791.68172
Illinois,IL,Female,61504.41498,13378.63728,15375.01844,27678.63033,9443.420979,17675.13689,16989.57378,24521.76982,19718.72905,14853.25424,15931.44409,18225.08708,13266.10428,15405.02822,63343.21929,32520.20238,23813.76933,41582.88274,20448.47281
Indiana,IN,18-44,48647.25256,14159.68248,15644.60722,21995.02829,9530.245899,19829.8624,19369.78147,24070.22105,17489.436,16119.87274,16937.44655,21392.00081,15155.01774,15734.69974,67853.95496,33310.49447,23073.82901,38737.05754,21260.56966
Indiana,IN,45-64,49926.53488,13234.50055,16171.67831,24719.49237,10351.25841,18213.94262,18436.80664,24965.86666,19589.95277,14853.08926,16975.11197,19502.02691,15713.77617,15716.67041,62924.79445,34441.28776,25835.52585,37499.32163,21096.00133
Indiana,IN,Male,47030.50758,12985.55636,17250.88551,24334.92516,10105.62368,17777.85651,18296.56728,24590.28709,19693.9193,15216.72106,16950.57162,19957.74282,14462.02898,14797.22445,60600.06593,33819.95234,28296.20407,37287.46285,21581.3934
Indiana,IN,Female,51478.76635,13112.56089,15665.09328,22960.42156,9374.491815,16837.6684,18328.19713,25164.10508,20400.45646,14516.6653,15855.2438,17248.41727,14742.95876,16437.80621,66635.48424,33900.56381,21177.2888,38351.67718,21273.67513
Iowa,IA,18-44,36742.51362,11419.43762,17803.6298,24920.00078,8482.131331,16017.62599,20981.86081,20309.2297,17340.46454,11268.64857,12419.68258,13647.3199,11529.90969,13373.14683,63186.76264,24633.01588,19511.65236,29254.05611,15741.82092
Iowa,IA,45-64,44628.11459,10611.91944,18044.3933,24299.85851,8434.512278,17079.56494,16564.71154,23798.76416,16687.83033,14651.37885,13770.28037,17277.56671,11923.14601,13373.14683,52995.38432,24885.07268,21105.19224,28472.31187,16402.11735
Iowa,IA,Male,46003.46369,9996.230072,19184.93652,25153.17447,7534.78959,15475.80527,17144.50715,25524.40273,16755.78011,13054.02325,13619.99073,15404.71359,11561.13385,12313.08194,48784.88206,24625.0612,25852.85079,29295.77113,17545.58049
Iowa,IA,Female,43794.97047,11043.61957,17622.98933,24721.5042,9562.65492,14809.77404,16743.25745,23859.02968,17755.85228,14324.82395,12714.01588,14672.68599,11022.0942,14300.70362,48681.84804,24934.96517,24753.34,29170.35955,16572.12543
Kansas,KS,18-44,31102.96913,9840.281833,10053.5715,19299.50505,9711.667735,16345.28365,14644.45532,18367.93943,16714.69922,16096.16799,12654.35784,14981.31957,13377.6864,,34444.18092,22917.18215,18883.60895,32798.84822,12733.48293
Kansas,KS,45-64,33202.95296,10729.83261,10228.06097,20442.22135,8831.969777,15104.9151,14630.15512,20408.66721,16589.04543,12995.10492,13437.85374,16322.84835,11514.91434,,39253.22928,24647.09387,20874.60639,34506.03688,14467.33644
Kansas,KS,Male,34289.07805,10924.69843,10028.24374,20264.38479,8699.897641,14479.65377,13849.25619,20839.30443,16539.30574,13133.75641,13870.11127,15428.42631,11772.58358,,36532.78177,24925.40376,25552.61089,35091.70118,15833.61894
Kansas,KS,Female,33188.84916,9591.289321,10035.67217,18486.16092,10799.93672,15666.04978,14960.02224,20765.77502,16820.93518,12981.5511,12406.7068,12813.57962,10648.84638,,38169.49094,23902.33497,17449.75992,35479.63861,13740.61081
Kentucky,KY,18-44,42121.98131,9925.360643,10890.30093,50098.38242,8297.107382,19078.42662,19853.78581,23798.12135,24729.77552,13499.59205,15387.08225,17307.06607,12924.22046,13192.71799,53858.38047,27836.27635,19944.14985,31915.50539,15977.12833
Kentucky,KY,45-64,47347.38046,11609.79942,11124.75325,32249.927,8864.031138,16625.83109,17826.87149,25899.92083,22154.99977,13835.66507,15391.27405,18628.8186,13421.6417,13979.94324,53756.32102,28430.40424,23274.07861,30702.52076,17122.68023
Kentucky,KY,Male,48118.33234,11271.1346,11769.70143,31890.95786,8482.169468,17385.00748,18352.88841,26205.85391,21663.38549,12778.91546,15974.95198,19515.63641,13519.56726,11968.88093,58958.02453,29444.30592,22849.99387,31626.06322,17902.62198
Kentucky,KY,Female,51020.65818,11362.64222,10942.76817,30520.8995,9359.092157,15803.92406,17456.03242,26152.31991,22418.88595,13203.57615,14584.44434,16838.25126,12479.76258,15902.64291,57919.42736,28338.86977,19638.44623,30563.46779,16687.74586
Maine,ME,18-44,44753.91691,10725.22402,12608.49109,26806.94765,15304.58571,17451.44829,17140.25416,22805.85728,19096.45449,11938.54807,14839.14207,16221.54487,13199.58808,,32137.19309,22417.54006,18783.52614,31520.19071,10604.53744
Maine,ME,45-64,44753.91691,11216.49608,12810.04553,25842.85049,13267.79576,16436.70271,15888.01593,23034.12881,18971.39623,15445.57259,15824.00018,17190.35064,12784.65141,,36833.88014,19435.69363,19476.75337,36120.24992,11929.27073
Maine,ME,Male,44753.91691,10222.82627,13403.37114,27861.06401,13182.83432,16532.78416,16444.99175,24526.19619,17927.23853,14555.7533,16069.59949,16883.27982,13782.41434,,30115.1352,20908.37697,22670.48796,35808.60369,12527.98089
Maine,ME,Female,46952.56205,11190.86095,12517.05901,25928.51735,13267.79576,16754.80034,16874.99279,21799.64988,19967.97341,15555.1366,15351.627,16312.64898,12710.92589,,33453.88195,20050.5951,16148.389,38438.82293,11279.76258
Maryland,MD,18-44,41754.21966,10397.90885,11604.85093,28078.79073,11691.32046,20175.56587,18423.3811,23914.3157,17609.87689,15555.86271,17126.69877,20069.41007,13675.94908,12182.79038,60666.89569,31905.71745,19265.80257,29381.27213,19581.34125
Maryland,MD,45-64,50985.37529,11581.29452,12308.79761,27713.75073,7761.609405,19325.09991,17201.97026,23596.6331,18946.01542,13768.8833,17827.70741,20857.19227,13328.2543,13260.49113,53425.1246,32338.07381,24077.42287,30928.09284,21206.97358
Maryland,MD,Male,54933.22909,11570.63803,12938.06291,27991.92775,10534.43606,19078.74845,17090.12265,24211.68776,19134.84992,14879.59911,17815.37397,19532.30095,14182.40646,12668.03285,55297.7255,32916.49242,27976.57842,30627.98964,22343.10648
Maryland,MD,Female,46448.76065,11877.09374,11898.19494,26102.77538,7844.895353,16575.18914,17102.2381,23642.46923,19644.81122,14042.0651,16157.40146,18511.4366,12667.57213,12668.04657,53731.24847,32062.41617,19643.82452,32992.13694,21324.89931
Massachusetts,MA,18-44,53359.50094,11259.24855,13125.24926,30039.74276,11495.23109,20775.0354,18571.78596,23209.5261,26401.85894,17794.4641,14315.46151,22422.04771,12840.13709,13092.77754,65814.58076,32682.77095,25625.69829,38706.5558,18091.40901
Massachusetts,MA,45-64,55098.82402,12161.53179,14151.24057,27445.33827,11965.02558,19362.05924,17931.63629,25197.22588,21153.48594,16090.92125,15257.7671,20377.08307,13268.66327,15695.14977,64595.41002,33069.77925,28482.75392,36827.88892,19543.07998
Massachusetts,MA,Male,59054.28534,12972.31782,14738.55059,27861.89752,12144.16678,20454.38981,18216.87564,26466.57659,21804.48472,17485.18966,15587.29768,21119.69418,13544.92151,12813.71374,66987.31485,32985.07467,27016.05306,36711.06513,21302.39016
Massachusetts,MA,Female,57690.79381,11995.64101,13410.2232,30787.8978,12064.30029,17970.92721,18014.88077,25674.19288,22091.55467,15500.2311,14517.77754,20402.64769,12949.99691,16674.5134,64511.64466,31946.73228,25656.84472,39770.58806,19894.44215
Michigan,MI,18-44,39991.91042,9955.72373,10456.20762,21838.3649,8984.641634,14959.38569,15144.51701,19583.93357,14615.11939,14376.83423,13628.02508,16166.91966,12540.00575,11354.10272,47139.7219,22733.94296,25625.69829,30933.18505,13348.51574
Michigan,MI,45-64,44546.19016,10096.47828,11206.09499,22303.12339,8780.514192,16800.09422,14375.75749,20824.71802,15798.26644,12430.0336,14188.8332,17537.60945,11363.27292,11962.48611,41535.34565,24520.95148,28482.75392,31793.76986,15066.93946
Michigan,MI,Male,45530.36277,10172.44462,11811.2134,21918.23061,9519.289575,15667.67428,14525.20446,21603.26201,16365.21702,13334.58433,14163.54687,17754.98131,11767.93202,11417.01333,41006.43625,25237.4313,27016.05306,32096.71588,16061.2574
Michigan,MI,Female,44764.28621,10435.26622,10676.40097,22360.4791,9055.238618,14887.3023,14455.50941,21061.56258,16709.94069,12607.03292,13550.04279,15235.88117,11419.70911,11276.29222,42417.08598,24123.42237,25656.84472,33360.79956,15011.91904
Minnesota,MN,18-44,36962.01794,9730.460039,12995.9963,27385.60152,10214.89657,18526.07057,16524.66526,22225.86108,18138.08894,16521.61585,14813.46577,16784.51389,12298.45279,12149.87764,53068.56272,27018.20526,23460.969,36650.5162,13994.07216
Minnesota,MN,45-64,40399.33324,11650.56794,14047.29299,24304.1934,12296.21399,17746.66136,16380.28077,23310.51163,17558.50535,13905.50593,14739.2044,18972.26322,12565.84365,14157.40083,47042.93964,25974.52115,20005.57263,33708.97871,15258.66469
Minnesota,MN,Male,41567.93052,12603.89377,14365.28502,24805.11573,11157.0719,19863.96228,16779.54459,24519.86004,17601.12285,15975.37151,14924.04532,21792.50748,12947.0677,13847.34867,52880.79317,27626.73027,33128.27748,34773.43079,17159.80106
Minnesota,MN,Female,42203.40693,11529.09715,13425.38087,25590.03373,11884.10081,17757.29028,16814.70691,23582.89586,18568.44976,14966.39405,14734.36275,20493.29379,12197.8109,14218.93645,48995.26665,25642.43765,26741.06605,36315.1325,15346.99791
Missouri,MO,18-44,40372.4164,11095.40632,11222.95752,20760.57841,9362.856237,18201.6729,14903.00695,22287.00279,15102.10577,17096.1365,14587.49102,17993.51777,12801.71474,13037.55065,67916.37587,28746.92978,22301.72424,31509.95156,17028.4452
Missouri,MO,45-64,44573.50329,11751.28207,12166.59724,21937.92182,9474.158751,16416.98257,13646.59559,22874.09985,14999.5226,14656.88382,14797.44727,17682.86481,12898.22383,14444.73554,62660.59047,28312.53069,24413.77124,33190.16224,18519.28851
Missouri,MO,Male,44692.07919,12058.06367,13076.63926,21567.62742,9267.293251,17242.74094,13827.15288,23788.6764,15116.50254,15360.49563,15168.15211,19707.42793,12276.4445,14075.09921,65719.7924,29013.4737,24691.40049,33005.89682,19660.0424
Missouri,MO,Female,43156.16969,11471.17993,11703.11395,23013.56394,10953.81187,15712.24521,13930.89934,23091.24263,16122.01454,14430.15973,14158.08744,17444.11441,11960.61878,13905.41289,64843.73641,27602.59737,20702.29821,35298.70768,17294.69496
Nebraska,NE,18-44,41795.21774,10465.62267,15716.34362,31080.25531,13533.85207,20772.25909,18968.10296,19534.08834,19584.3181,14107.2289,17878.30783,22525.98013,18422.22656,15386.30096,71072.52478,29319.48868,22376.39108,36330.18399,15558.27859
Nebraska,NE,45-64,55217.99353,12522.33084,17115.25086,31347.58855,10598.39117,19163.31052,18628.03849,24819.39291,17916.42243,18262.46915,18886.44052,18456.38806,16595.47126,15386.30096,50377.70129,31041.74388,29632.65247,35020.544,19012.94468
Nebraska,NE,Male,50347.05474,14583.47819,17962.79123,32006.47027,12990.64055,18699.80452,19325.71792,25954.47708,19372.58805,20068.19986,18102.6648,21063.82782,18309.38383,15386.30096,71569.50188,32296.93336,26568.53451,35364.84208,20303.83726
Nebraska,NE,Female,58853.17845,12957.15276,16463.13942,30426.94298,8230.313278,17983.41609,19262.05068,26985.24592,19714.52934,15629.90293,17403.07523,18703.11766,14989.11949,15386.30096,70829.10742,31659.7784,22580.93112,36246.26825,18665.61515
Nevada,NV,18-44,35333.74676,9760.345751,8091.892753,24647.00865,8717.521819,18559.12839,17807.2171,23515.00395,17744.69569,15687.39759,15356.72559,13980.8584,13207.44475,13826.47259,60473.39657,26978.39314,23829.18269,37644.60251,14083.46707
Nevada,NV,45-64,39325.05975,10228.41319,9230.870527,26382.58171,8170.558844,15311.33885,15737.28392,24288.07122,17446.20828,14208.67011,14896.5992,20934.95804,13278.89425,13826.47259,45860.22854,26113.20556,20727.05767,37970.66218,15871.93393
Nevada,NV,Male,43252.03447,10738.15831,9655.227863,27113.1599,8839.628885,16413.01721,16122.01839,25927.91872,17163.55846,14586.77776,15241.20509,18121.16985,12562.31027,12192.15456,53848.55681,26849.95126,25602.7119,38719.2912,17259.83466
Nevada,NV,Female,38921.35848,10485.49805,8570.709028,22533.16472,8351.374704,14986.12826,16053.61314,25495.01886,18221.38016,12422.84861,13447.3134,17466.21271,11884.50855,13826.47259,47277.89594,25387.92873,19061.68289,39764.31843,15507.17018
New Jersey,NJ,18-44,30599.08549,9022.839601,8474.757157,16961.68364,6860.640032,18971.33243,13102.78281,18372.22271,12573.52836,15370.08666,12326.79638,16940.32824,9829.853703,9796.88732,39279.58061,22120.49475,25182.05916,32994.7619,13703.59807
New Jersey,NJ,45-64,35255.05811,9995.591948,8736.80302,17001.7444,9071.313823,16362.95531,12338.18575,17435.83151,12857.58482,13579.34634,13417.13934,16362.88737,10179.55501,10489.25914,45809.92927,22431.11494,23579.60216,30836.96783,14497.09785
New Jersey,NJ,Male,34384.85882,10084.89912,8864.390377,16680.65612,7073.029363,16614.89995,12742.93131,18366.00688,13519.1335,14383.8844,12905.8913,17059.5517,9724.801051,11486.8555,41670.91998,22121.72408,26366.32018,31181.00966,15616.05076
New Jersey,NJ,Female,35992.09117,10184.09542,8529.916577,16643.11003,8635.48478,14131.01244,12627.57449,18210.98526,14304.14629,13488.95538,12183.87449,16864.20319,9365.463313,11005.97973,36363.10794,21971.39835,21095.30843,32812.01571,14532.1277
New Mexico,NM,18-44,62442.63382,11326.14204,11675.45779,25199.01369,8430.575301,18360.31768,17204.61943,21661.51572,18524.97056,16208.04553,15366.98895,18821.73393,12219.08265,15269.59142,52215.84399,30157.30363,31233.5485,32816.20295,18491.66702
New Mexico,NM,45-64,64193.14294,11052.97555,13789.86815,24685.39716,11491.72384,18221.89039,16505.83852,22053.54622,17634.07055,15161.66602,16751.79993,22727.40066,13725.26267,15269.59142,61123.27739,31208.38868,24132.33501,33451.70308,21025.52452
New Mexico,NM,Male,63886.04391,11041.23427,15270.11172,24295.52388,8461.128904,16384.8164,16517.81517,22472.25533,19562.05924,14915.28196,15001.71892,18748.25989,12462.41844,14600.95876,53150.46629,30854.79034,30284.8255,33109.92284,22717.83759
New Mexico,NM,Female,61045.78534,11196.10118,11881.40078,25995.7921,11739.8102,14111.75723,16487.54404,22466.74315,17780.50441,15060.23079,14491.30467,15351.63604,12335.35742,15999.00887,51514.87726,30199.35828,20318.62229,31758.81137,19883.58966
New York,NY,18-44,39388.54697,10819.01839,10210.54592,35663.60442,7892.48814,19998.25769,18487.14036,23450.89031,16133.91296,16038.02071,14793.99536,19156.45958,11100.69427,12929.63164,60539.21818,25979.01246,24288.49406,33698.48859,14962.46673
New York,NY,45-64,47619.70237,11808.87771,11280.49046,31419.23787,8999.272527,20301.34437,16856.23654,23852.37783,16719.89658,16797.50135,16128.61099,19877.49645,11664.63442,14114.423,63008.78443,28373.03402,27827.21517,33525.77384,17205.84878
New York,NY,Male,48129.72421,12072.74887,11660.18164,30690.45005,8231.846835,19507.86339,17241.84269,24870.65803,16791.37443,17223.36391,15297.25699,20729.41026,11119.70311,14727.21713,57967.59981,28112.43181,31174.07989,34052.52922,18322.43306
New York,NY,Female,48036.54132,12282.96666,10531.56014,30533.28548,8935.774968,17915.7571,17124.29346,25350.00774,18446.88917,15594.08812,14782.10256,21507.20829,11316.18835,14011.94024,57042.55866,27908.23408,24380.18699,35683.47113,17322.55995
North Carolina,NC,18-44,42453.3925,10757.67531,13218.88996,25762.02698,9205.709129,17278.38097,16418.17413,20601.96454,16638.75909,14869.05675,15698.19106,17892.17758,15117.95026,12563.9718,43911.24708,31102.47748,22123.38609,36778.12624,17610.40108
North Carolina,NC,45-64,50714.63117,11943.578,14020.11405,26754.62834,9406.218195,16972.67988,15996.4271,23706.86925,18435.65711,14308.95951,16381.74158,17478.80136,15721.75473,12058.64348,53165.95413,31961.41488,22528.32181,35939.37888,19132.97776
North Carolina,NC,Male,53019.00233,11729.14709,14364.3526,25990.52635,8804.258048,16097.37169,16100.93976,23700.98408,18843.42674,14571.50637,15633.80135,18463.71873,14832.27504,10953.74438,47577.80739,32375.26329,24474.16959,35717.35234,20020.86951
North Carolina,NC,Female,55655.12182,11491.36475,13459.95519,26244.0774,9165.802362,14902.03157,15904.79258,23874.12245,18913.19347,12903.99457,14667.71816,16580.13382,12598.7002,13740.64342,48010.90317,31150.18,20241.99944,36435.66866,19033.87473
North Dakota,ND,18-44,46372.35669,7145.022051,12985.7938,25097.25053,6942.726882,15590.53292,15263.1545,23869.34486,18681.42961,14699.91398,14040.1523,14294.55616,12509.29377,14993.89147,39362.86622,26563.72235,16854.61066,34145.2512,13880.97646
North Dakota,ND,45-64,40139.99655,6491.880492,13416.18187,24357.8886,7817.890909,16007.38125,15370.44311,22204.63417,18064.58145,11672.73369,12827.82575,16262.11125,12612.94626,14993.89147,40455.44418,27349.43604,25037.91921,30529.16369,14258.42093
North Dakota,ND,Male,46372.35669,7472.225691,13343.74613,25342.86678,8055.241933,16636.87718,15770.0706,23740.11377,18249.22102,13902.43536,13736.06434,14062.44233,13351.18828,14993.89147,38536.24558,27867.26281,23791.35431,30862.60099,14898.44285
North Dakota,ND,Female,45122.30306,8122.384783,13222.91978,24848.22294,7446.328872,15882.90313,15503.66239,23992.37993,19051.89411,11374.93749,12858.39947,15302.1248,11204.64637,14993.89147,39891.90343,27193.37476,18460.97238,31893.36998,14744.69076
Oklahoma,OK,18-44,40222.82111,7560.986767,13626.95262,23068.7834,8962.784851,16823.50102,15059.98449,18470.93158,15273.80619,12816.22162,14154.89628,16280.87902,12885.827,10394.31441,41709.32123,22845.42405,25149.44933,28101.48635,12404.02859
Oklahoma,OK,45-64,47489.66621,8000.963984,14360.3179,22530.03998,11379.10229,15629.53744,14449.92811,20354.27754,16524.87195,12703.40785,15613.19895,18366.83578,12304.9056,9004.876027,49539.6277,22909.05173,19820.3793,28261.89385,13265.94126
Oklahoma,OK,Male,47664.60444,8752.2416,15071.00965,21948.03535,9937.327134,14841.47645,14657.38155,21184.16986,16579.233,13000.89152,14286.8005,17413.74731,11764.80413,10235.00703,44577.23667,23173.10259,22439.07646,27541.41902,13845.01098
Oklahoma,OK,Female,44749.46484,7605.189261,13755.41455,24117.99435,9806.679514,14179.2724,14537.4977,20915.91438,17004.61182,11236.16215,13892.95909,15854.29627,10939.31329,10724.30827,44957.9214,22854.0149,19615.3328,28887.98169,13283.6621
Oregon,OR,18-44,46900.75162,14586.85243,14448.63482,33235.67259,9496.958279,22099.89605,18728.1069,39442.19908,17996.83475,17220.52833,17272.3256,20378.23316,17318.31752,13930.33963,57288.6651,26920.02203,28915.65067,40438.09359,16238.58307
Oregon,OR,45-64,47649.00613,12761.21858,14893.5887,26386.81082,8979.811287,19273.62522,17402.1141,27139.60484,20300.25966,15817.44425,17332.75532,21414.79293,12546.83688,10727.79172,55012.00071,28717.03803,26931.50073,40459.33656,18186.07723
Oregon,OR,Male,50640.33938,12838.05267,16370.71867,26129.97641,10097.57599,19348.66785,17474.03059,27707.36793,20585.93118,16451.97543,17491.46392,22222.03818,13951.53536,14475.39589,60137.74837,29207.17619,25174.82974,40766.29208,18867.12647
Oregon,OR,Female,47952.7581,12949.88743,14463.59248,26234.09076,8488.196112,17422.00774,17619.91426,27466.41455,21198.93503,16612.72648,16314.95373,21203.56716,14445.97774,13356.59619,56695.28206,27961.6372,22640.52915,40624.97033,18122.55837
Rhode Island,RI,18-44,41112.10026,10805.33217,8479.199654,22389.3573,8601.703005,17903.67044,14628.4887,17668.62434,15358.11337,10518.45412,14021.61816,24085.04511,10785.17869,,50498.41892,21022.57398,14323.2027,35961.35008,11070.42694
Rhode Island,RI,45-64,38259.194,6861.343333,10038.57241,22563.2108,8977.465328,16531.30587,13472.18335,16418.41961,14364.57454,14330.10761,14617.80754,15351.83913,12196.17697,,44961.39648,21808.97126,22655.39673,34063.99345,12424.07427
Rhode Island,RI,Male,41842.80155,8022.447637,10191.4635,22204.64294,9106.648462,16300.3205,13737.68488,17062.45461,14843.38152,14265.27571,14178.71706,19057.34897,11230.14962,,47588.2461,21093.41831,25334.45379,34690.99736,12966.57029
Rhode Island,RI,Female,40381.39897,8723.79038,8957.37413,22529.90083,8977.465328,14803.42395,13693.16273,18139.6607,15783.32664,11605.63302,12882.6564,18463.76794,9733.437794,,51662.48805,21118.74915,15223.75939,41241.25357,13586.51691
South Carolina,SC,18-44,42584.33068,12588.90806,12566.59921,29061.19575,10298.51862,21145.96703,17392.10987,21390.6178,19150.48235,14039.47762,18061.69312,20142.21626,15583.19725,14458.06876,68625.26499,30384.44552,23906.15759,36561.06759,15940.02814
South Carolina,SC,45-64,54139.02733,12449.21758,13188.64294,29061.19575,9795.908804,19008.61571,16474.03179,24035.02496,17643.28028,12894.15695,17182.13638,19110.69098,16477.88732,12946.21552,53803.6478,30088.81527,24701.15378,36186.14396,18142.59313
South Carolina,SC,Male,56183.74068,12589.01991,13675.08447,29061.19575,10195.5844,17697.14069,16452.11312,24374.99029,17730.47891,13596.04514,17282.11316,19508.88523,15610.45929,13264.4312,56977.17475,30619.50634,26527.72095,36152.48188,19089.02512
South Carolina,SC,Female,58987.97696,12291.95811,12836.02199,29061.19575,9202.962741,16519.68565,16479.70771,23870.29628,18128.7992,12354.57968,15846.27192,16287.5805,13847.72593,16165.67728,52636.43419,29530.1174,24495.59242,36877.9752,17428.18927
Tennessee,TN,18-44,36802.51369,11837.0557,10452.04664,17901.97917,7912.620442,15830.7031,13889.57796,18002.86164,15932.7936,13795.79173,13540.87176,16145.71352,11332.49337,11978.92905,55038.25808,22841.17887,18846.94055,27930.44875,14195.87108
Tennessee,TN,45-64,43307.48858,9553.293461,10983.93687,18977.75254,9628.7681,14320.48967,13356.84566,19300.05805,14712.01441,12365.58285,13857.46525,15107.45662,12377.99678,12323.72916,54848.96411,23146.44405,20642.83573,27493.44964,14787.77656
Tennessee,TN,Male,41413.47858,9983.409033,11287.86371,19299.13128,8589.549124,14356.16,13445.99562,20471.68095,14915.56382,13159.17891,14005.16206,16996.86213,11755.80645,11966.9447,45294.11953,24254.81126,22212.41546,27554.20419,15764.45449
Tennessee,TN,Female,45977.36027,9907.617453,10658.76836,18507.80204,7923.173068,12423.54307,13361.65006,20137.56465,15406.81956,11175.97217,12635.61905,14073.34201,10364.71965,13550.89094,51174.41731,23705.6999,17377.07597,28710.30472,14066.82394
Texas,TX,18-44,54809.17546,13730.38136,15029.96844,29222.73815,9976.662607,19454.17918,19096.54542,24883.5111,21506.58539,16091.47066,15260.36954,18676.50514,14050.61366,14783.36325,60374.40337,32649.78231,21750.46239,34070.63393,19164.19683
Texas,TX,45-64,56363.97308,13309.37489,15004.53257,28282.1846,10069.94725,17724.85464,17616.10569,26703.89341,19863.82155,15248.179,16359.2199,19463.75752,13027.45704,15738.48175,58920.3144,33034.53559,23536.72601,33920.40027,20203.84923
Texas,TX,Male,54354.88149,13143.16068,15065.54986,26416.45281,9939.635627,17265.19999,17483.34437,27038.92009,19794.87383,16059.07587,15947.75199,21425.73921,13154.82561,15581.80034,58204.17496,31936.87416,27612.39197,33527.78248,21120.3082
Texas,TX,Female,55472.7712,13660.79201,14817.8446,26941.41633,10178.92416,16097.69518,17189.30937,26220.90011,20156.46559,14313.50808,15056.95581,18125.85767,12040.88343,14528.94918,56568.71103,31221.55316,21422.48581,33851.02919,19279.17217
Utah,UT,18-44,34404.74746,8232.913132,10382.65595,29591.51433,8721.93327,16371.57134,16129.93957,21915.59783,21457.46288,14838.84574,15036.46425,16102.88018,13860.67175,11547.7081,48401.94093,24798.7728,20047.81879,32767.6908,13329.28598
Utah,UT,45-64,41063.98629,9266.102762,12019.43156,24531.72282,9132.917002,16574.80608,15230.42197,21427.54166,17509.23782,11987.9133,15687.9908,22308.05586,14049.73201,11719.62222,53171.70363,25614.0747,24749.70606,33581.07634,14663.53115
Utah,UT,Male,43901.40887,9205.891292,11308.36303,24111.32642,8808.648176,15118.27491,15250.16167,20721.30139,17524.75844,12447.59066,15147.45245,20563.68238,12539.55847,11868.3367,48818.82539,26779.08883,25450.08799,32842.7873,15538.789
Utah,UT,Female,40270.6921,10991.99558,11299.52081,24030.96631,9618.442898,14982.6587,15325.87862,20433.72443,18660.73361,12016.98666,13779.87793,20173.06585,12458.55426,10980.44211,48874.80695,25478.1517,20190.28256,33522.50828,14429.66859
Vermont,VT,18-44,66822.52609,15994.72165,16157.07076,34218.74734,12676.68935,23438.53409,24970.5882,34859.25177,31776.62694,24906.43221,20638.61749,27363.95202,16368.31994,,56027.80173,31234.87397,21189.21109,28412.61334,19172.52316
Vermont,VT,45-64,60945.19516,11735.98478,17037.6226,36705.75085,12676.68935,20939.34279,24470.23631,40096.81272,32072.09452,25180.71097,19897.63998,30217.99245,16368.31994,,56027.80173,34465.90188,25644.47029,28187.40984,21149.59108
Vermont,VT,Male,63477.85283,17269.92601,17514.63725,35253.97575,12676.68935,20642.53536,24464.68293,36087.58601,31027.70621,24988.94078,19987.33741,28615.40282,16368.31994,,60252.48735,35807.43451,24608.39059,28103.05318,20338.08033
Vermont,VT,Female,70645.0098,13444.31292,16239.22599,33433.79393,12676.68935,20635.48853,23742.82968,34058.97339,32543.59396,26125.66842,20601.73133,25993.31542,16368.31994,,51478.14029,31784.51332,23786.04263,29972.79656,22051.54396
Washington,WA,18-44,66184.9796,13835.90152,17007.41014,30307.81538,10485.75449,23996.84053,21399.91529,27734.26549,20444.29243,20813.38044,20641.34585,25250.25579,17798.26565,17092.87327,70754.01734,35261.88659,28608.75233,45930.18948,20435.03836
Washington,WA,45-64,64338.43352,13950.62879,17465.31362,30089.94991,10380.67812,22052.64586,19670.67303,29259.34874,21336.857,18057.18087,20348.09911,24327.69486,17136.80682,15740.57427,71686.06443,36020.15368,33692.22939,43894.74991,21793.98212
Washington,WA,Male,65158.32542,14482.56391,17619.25074,30829.96745,11383.73947,22453.82309,19808.30016,29077.79138,21221.81678,19694.59282,20831.62386,29402.02792,16970.50384,19167.51858,81755.98995,36945.70643,40092.69088,43938.85719,23248.336
Washington,WA,Female,63856.47674,13104.76561,17205.68303,29291.89057,10135.85747,20060.05898,19791.30924,29380.05999,22465.16936,16678.59237,18977.47679,25764.32075,16024.96031,15781.8409,73316.60009,35554.00818,29508.67393,44599.05001,21909.34032
West Virginia,WV,18-44,56772.09949,12140.03758,12257.40695,23899.31893,8411.37307,17154.84518,16845.10046,19468.83767,17690.71507,33352.0233,13579.93513,16874.98885,12289.0721,12835.26578,73206.57137,32240.73806,30089.95448,31435.73142,16198.72403
West Virginia,WV,45-64,50229.92979,10296.23114,13198.26532,24294.54331,8709.632783,16374.79155,16647.02788,23314.55486,17854.04606,13529.18556,14520.55912,19643.72172,12809.7451,12835.26578,62206.83297,29360.03431,31012.64936,34075.56313,18103.6066
West Virginia,WV,Male,51119.89385,13127.83597,12376.75334,23667.68361,7973.500876,16099.66923,16941.8287,24088.64544,18666.72417,23220.86405,14042.99827,21724.30446,11958.8528,12940.42961,67024.41414,31828.9344,30488.58501,34458.16397,19606.72182
West Virginia,WV,Female,54539.88223,10474.55674,12812.68385,24066.2633,8840.266355,15307.41445,16838.18235,26253.81304,19438.3119,13208.04462,13761.12065,17225.21683,11792.32734,12710.98126,61603.5516,29855.42671,26396.81591,36322.97254,18161.97646
Wisconsin,WI,18-44,39380.95204,20807.02682,15394.90122,31296.60605,9990.58378,20390.56568,18871.24663,24937.56171,16353.11351,17880.37067,15984.15835,19263.05756,15373.51059,14935.50351,51634.548,28565.74906,19521.89245,41238.87321,18355.97532
Wisconsin,WI,45-64,44280.27481,13300.96263,16067.68168,26587.16667,9885.983538,18679.92324,17347.73241,23804.35043,17771.8817,13858.73362,16484.18984,20966.07752,14327.3173,14848.31338,59856.34428,29284.33589,24845.4246,36947.28481,19400.82968
Wisconsin,WI,Male,45724.26939,14823.09669,17072.38398,27440.81212,9667.514352,18193.52562,17563.30308,24056.09514,18171.01757,15554.21917,16835.11638,20343.66483,14930.04081,17653.35032,51143.67381,29292.85434,26103.31009,37243.64687,20660.5508
Wisconsin,WI,Female,42968.44568,13592.39435,15548.32128,26470.39218,10353.02686,17310.3934,17419.83518,24472.06014,19202.121,14784.61369,15427.80765,17586.90361,13617.95733,13382.44819,52439.57188,27769.84932,21912.83357,38631.46452,19273.04725
Wyoming,WY,18-44,82329.04356,17360.34273,17292.89373,48561.32129,14247.08362,23708.85105,28770.89142,41764.82989,30009.24141,27566.238,20731.15569,24230.79567,17465.11005,,113388.3205,49233.12864,27390.54264,59296.22342,25226.01653
Wyoming,WY,45-64,82329.04356,17360.34273,18003.43625,49902.55604,14247.08362,26546.80097,27132.58973,39322.53755,30022.46152,25856.24471,21380.79551,24395.00526,15931.87158,,113388.3205,54009.47653,28632.73117,56709.25352,30559.76751
Wyoming,WY,Male,82329.04356,15745.5749,17847.39246,49311.81604,14247.08362,22026.93782,27426.21827,45144.14378,28679.77965,24860.368,20581.21259,23595.98652,16734.089,,113388.3205,55771.36617,31381.20549,60340.20884,29929.85535
Wyoming,WY,Female,82329.04356,17360.34273,17578.46252,47655.55177,14247.08362,23165.27714,27056.44803,40007.58667,31230.17569,19260.48404,20216.49001,25183.00938,18470.264,,113388.3205,54713.88955,23869.36953,53594.45691,28783.14053