,proc_id,cpt_1,cpt_2,cpt_3,cpt_4,cpt_5,cpt_6,cpt_7,total_cost - mean,patient_cost - mean,Episode Count,carrum_price_1,carrum_price_2,carrum_price_3,carrum_price_4,carrum_price_5,carrum_price_6,carrum_price_7,highest_cost,id,7th-largest,6th-largest,5th-largest,4th-largest,3nd-largest,2nd-largest,largest,final_cost,estimated_paid_amounts
0,0,20680,25295,64721,25290,-999,-999,-999,11728.45,2255.13,1,7025,6900,6900,6900,,,,7025,0,6900,6900,6900,7025,,,,13925,9473.32
1,1,20680,26525,-999,-999,-999,-999,-999,15247.85,2118.2,1,7025,8075,,,,,,8075,1,7025,8075,,,,,,11587.5,13129.65
2,2,20680,27570,-999,-999,-999,-999,-999,2240.22,2170.19,1,7025,4355,,,,,,7025,2,4355,7025,,,,,,9202.5,70.03
3,3,20680,-999,-999,-999,-999,-999,-999,5852.0262,213.4156579,152,7025,,,,,,,7025,3,7025,,,,,,,7025,5638.610542
4,4,20930,20936,22595,22600,22614,63047,63048,220535.19,2774.12,1,,,,,,14300,16560,16560,4,14300,16560,,,,,,23710,217761.07
5,5,20930,20936,22551,-999,-999,-999,-999,25827.50375,1048.318776,1,,,26400,,,,,26400,5,26400,,,,,,,26400,24779.18497
6,6,22551,22552,22554,-999,-999,-999,-999,25827.50375,815.3590476,1,26400,32400,,,,,,32400,6,26400,32400,,,,,,45600,25012.1447
7,7,22551,22552,20936,-999,-999,-999,-999,25827.50375,815.3590476,1,26400,32400,,,,,,32400,7,26400,32400,,,,,,45600,25012.1447
8,8,22551,22552,20937,-999,-999,-999,-999,25827.50375,815.3590476,1,26400,32400,,,,,,32400,8,26400,32400,,,,,,45600,25012.1447
9,9,22551,22552,20930,20936,-999,-999,-999,25827.50375,815.3590476,4,26400,32400,,,,,,32400,9,26400,32400,,,,,,45600,25012.1447
10,10,22551,22552,20930,-999,-999,-999,-999,25827.50375,815.3590476,2,26400,32400,,,,,,32400,10,26400,32400,,,,,,45600,25012.1447
11,11,22551,22552,20931,-999,-999,-999,-999,25827.50375,815.3590476,2,26400,32400,,,,,,32400,11,26400,32400,,,,,,45600,25012.1447
12,12,22551,22552,-999,-999,-999,-999,-999,25827.50375,815.3590476,5,26400,32400,,,,,,32400,12,26400,32400,,,,,,45600,25012.1447
13,13,22551,20936,20930,-999,-999,-999,-999,25827.50375,815.3590476,1,26400,,,,,,,26400,13,26400,,,,,,,26400,25012.1447
14,14,22551,20936,-999,-999,-999,-999,-999,19019.345,1650.533333,3,26400,,,,,,,26400,14,26400,,,,,,,26400,17368.81167
15,15,22551,20937,-999,-999,-999,-999,-999,29661.68,2023.49,1,26400,,,,,,,26400,15,26400,,,,,,,26400,27638.19
16,16,22551,20930,63075,-999,-999,-999,-999,25827.50375,815.3590476,1,26400,,,,,,,26400,16,26400,,,,,,,26400,25012.1447
17,17,22551,20930,20936,20931,-999,-999,-999,25827.50375,815.3590476,1,26400,,,,,,,26400,17,26400,,,,,,,26400,25012.1447
18,18,22551,20930,20936,-999,-999,-999,-999,24967.31,10,3,26400,,,,,,,26400,18,26400,,,,,,,26400,24957.31
19,19,22551,20930,20937,-999,-999,-999,-999,25827.50375,1048.318776,1,26400,,,,,,,26400,19,26400,,,,,,,26400,24779.18497
20,20,22551,20931,-999,-999,-999,-999,-999,29661.68,2023.49,1,26400,,,,,,,26400,20,26400,,,,,,,26400,27638.19
21,21,22551,-999,-999,-999,-999,-999,-999,25827.50375,1198.078601,1,26400,,,,,,,26400,21,26400,,,,,,,26400,24629.42515
23,23,22856,63045,-999,-999,-999,-999,-999,20991.57,654.623,1,,14300,,,,,,14300,23,14300,,,,,,,14300,20336.947
26,26,23410,-999,-999,-999,-999,-999,-999,12948.225,181.93,5,10225,,,,,,,10225,26,10225,,,,,,,10225,12766.295
27,27,23412,29807,-999,-999,-999,-999,-999,42528.92,2641.52,2,10225,11700,,,,,,11700,27,10225,11700,,,,,,16812.5,39887.4
28,28,23412,29822,29826,23410,-999,-999,-999,15133.96875,2030.9004,1,10225,9850,10125,10225,,,,10225,28,9850,10125,10225,10225,,,,20331.25,13103.06835
29,29,23412,29822,-999,-999,-999,-999,-999,14781.275,610.955,4,10225,9850,,,,,,10225,29,9850,10225,,,,,,15150,14170.32
30,30,23412,29823,29826,23410,-999,-999,-999,15133.96875,1692.417,2,10225,9850,10125,10225,,,,10225,30,9850,10125,10225,10225,,,,20331.25,13441.55175
31,31,23412,29823,-999,-999,-999,-999,-999,14674.1,3609.16,2,10225,9850,,,,,,10225,31,9850,10225,,,,,,15150,11064.94
32,32,23412,29826,29822,-999,-999,-999,-999,16406.4,632.81,11,10225,10125,9850,,,,,10225,32,9850,10125,10225,,,,,17750,15773.59
33,33,23412,29826,-999,-999,-999,-999,-999,14674.1,3609.16,1,10225,10125,,,,,,10225,33,10125,10225,,,,,,15287.5,11064.94
34,34,23412,-999,-999,-999,-999,-999,-999,5814.03,74.6475,8,10225,,,,,,,10225,34,10225,,,,,,,10225,5739.3825
35,35,23500,-999,-999,-999,-999,-999,-999,1636.296667,86.178,15,11900,,,,,,,11900,35,11900,,,,,,,11900,1550.118667
36,36,24340,-999,-999,-999,-999,-999,-999,5149.2125,122.7733333,1,11650,,,,,,,11650,36,11650,,,,,,,11650,5026.439167
37,37,24341,64721,26055,-999,-999,-999,-999,1232.03,0,1,10700,6900,6945,,,,,10700,37,6900,6945,10700,,,,,15897.5,1232.03
38,38,24341,-999,-999,-999,-999,-999,-999,5149.2125,122.7733333,4,10700,,,,,,,10700,38,10700,,,,,,,10700,5026.439167
39,39,24342,-999,-999,-999,-999,-999,-999,10833.76333,22.47928571,14,10700,,,,,,,10700,39,10700,,,,,,,10700,10811.28404
40,40,24343,-999,-999,-999,-999,-999,-999,5149.2125,122.7733333,1,10700,,,,,,,10700,40,10700,,,,,,,10700,5026.439167
41,41,24345,-999,-999,-999,-999,-999,-999,5149.2125,122.7733333,1,10700,,,,,,,10700,41,10700,,,,,,,10700,5026.439167
42,42,24346,24344,-999,-999,-999,-999,-999,1100.38,0,1,10700,10700,,,,,,10700,42,10700,10700,,,,,,16050,1100.38
43,43,24346,-999,-999,-999,-999,-999,-999,1100.38,0,1,10700,,,,,,,10700,43,10700,,,,,,,10700,1100.38
44,44,24357,-999,-999,-999,-999,-999,-999,5149.2125,122.7733333,9,10700,,,,,,,10700,44,10700,,,,,,,10700,5026.439167
45,45,24500,-999,-999,-999,-999,-999,-999,2612.362,155.3228571,3,6625,,,,,,,6625,45,6625,,,,,,,6625,2457.039143
46,46,24530,-999,-999,-999,-999,-999,-999,2612.362,155.3228571,7,6625,,,,,,,6625,46,6625,,,,,,,6625,2457.039143
47,47,24538,-999,-999,-999,-999,-999,-999,13891.95,8139.465,2,11700,,,,,,,11700,47,11700,,,,,,,11700,5752.485
48,48,24545,-999,-999,-999,-999,-999,-999,2612.362,155.3228571,1,11700,,,,,,,11700,48,11700,,,,,,,11700,2457.039143
49,49,24560,-999,-999,-999,-999,-999,-999,1887.35,42.395,2,6625,,,,,,,6625,49,6625,,,,,,,6625,1844.955
50,50,24600,-999,-999,-999,-999,-999,-999,2968.085,36.66666667,6,6625,,,,,,,6625,50,6625,,,,,,,6625,2931.418333
51,51,24666,-999,-999,-999,-999,-999,-999,7040.431872,318.8605466,3,13925,,,,,,,13925,51,13925,,,,,,,13925,6721.571325
52,52,25575,-999,-999,-999,-999,-999,-999,2610.223333,152.46875,1,11500,,,,,,,11500,52,11500,,,,,,,11500,2457.754583
53,53,25607,25608,-999,-999,-999,-999,-999,8313.716,69.01764706,3,11500,11500,,,,,,11500,53,11500,11500,,,,,,17250,8244.698353
54,54,25607,25609,20680,-999,-999,-999,-999,8432.77,378.38,1,11500,11500,7025,,,,,11500,54,7025,11500,11500,,,,,19006.25,8054.39
55,55,25607,25609,-999,-999,-999,-999,-999,14345.15,315,3,11500,11500,,,,,,11500,55,11500,11500,,,,,,17250,14030.15
56,56,25607,-999,-999,-999,-999,-999,-999,8313.716,69.01764706,17,11500,,,,,,,11500,56,11500,,,,,,,11500,8244.698353
57,57,25608,-999,-999,-999,-999,-999,-999,19318.926,2409.368125,16,11500,,,,,,,11500,57,11500,,,,,,,11500,16909.55788
58,58,25609,25608,-999,-999,-999,-999,-999,11885.99,7.5,2,11500,11500,,,,,,11500,58,11500,11500,,,,,,17250,11878.49
59,59,25609,64721,-999,-999,-999,-999,-999,8067.2,8.7325,6,11500,6900,,,,,,11500,59,6900,11500,,,,,,14950,8058.4675
60,60,25609,-999,-999,-999,-999,-999,-999,23330.56818,376.0827586,31,11500,,,,,,,11500,60,11500,,,,,,,11500,22954.48542
61,61,26055,-999,-999,-999,-999,-999,-999,4246.150833,69.12311475,124,6945,,,,,,,6945,61,6945,,,,,,,6945,4177.027718
62,62,26111,-999,-999,-999,-999,-999,-999,4218.54,42.892,3,6900,,,,,,,6900,62,6900,,,,,,,6900,4175.648
63,63,26113,-999,-999,-999,-999,-999,-999,4218.54,42.892,1,6900,,,,,,,6900,63,6900,,,,,,,6900,4175.648
64,64,26115,-999,-999,-999,-999,-999,-999,4218.54,42.892,17,6900,,,,,,,6900,64,6900,,,,,,,6900,4175.648
65,65,26116,-999,-999,-999,-999,-999,-999,3208.76125,122.6679167,24,6900,,,,,,,6900,65,6900,,,,,,,6900,3086.093333
66,66,26123,-999,-999,-999,-999,-999,-999,7778.5925,120.7605882,17,7975,,,,,,,7975,66,7975,,,,,,,7975,7657.831912
67,67,26520,20680,-999,-999,-999,-999,-999,24646.89,97.695,1,8075,7025,,,,,,8075,67,7025,8075,,,,,,11587.5,24549.195
68,68,26520,26525,-999,-999,-999,-999,-999,24646.89,97.695,3,8075,8075,,,,,,8075,68,8075,8075,,,,,,12112.5,24549.195
69,69,26520,-999,-999,-999,-999,-999,-999,24646.89,97.695,2,8075,,,,,,,8075,69,8075,,,,,,,8075,24549.195
70,70,26540,-999,-999,-999,-999,-999,-999,4904.15,378.63625,9,11000,,,,,,,11000,70,11000,,,,,,,11000,4525.51375
71,71,26600,-999,-999,-999,-999,-999,-999,2083.501429,242.4476471,34,7625,,,,,,,7625,71,7625,,,,,,,7625,1841.053782
72,72,26605,-999,-999,-999,-999,-999,-999,2610.223333,152.46875,8,7625,,,,,,,7625,72,7625,,,,,,,7625,2457.754583
73,73,26608,-999,-999,-999,-999,-999,-999,5542.256667,322.4445455,12,7625,,,,,,,7625,73,7625,,,,,,,7625,5219.812122
74,74,26615,26608,-999,-999,-999,-999,-999,1172.46,360.53,1,7625,7625,,,,,,7625,74,7625,7625,,,,,,11437.5,811.93
75,75,26615,-999,-999,-999,-999,-999,-999,8701.0025,233.177,10,7625,,,,,,,7625,75,7625,,,,,,,7625,8467.8255
76,76,26860,-999,-999,-999,-999,-999,-999,5750.425,592.82,3,8600,,,,,,,8600,76,8600,,,,,,,8600,5157.605
77,77,27130,-999,-999,-999,-999,-999,-999,28236.054,210.3296154,26,21990,,,,,,,21990,77,21990,,,,,,,21990,28025.72438
79,79,27520,-999,-999,-999,-999,-999,-999,3761.51,53.33333333,6,11400,,,,,,,11400,79,11400,,,,,,,11400,3708.176667
80,80,27570,-999,-999,-999,-999,-999,-999,5203.42,65.80888889,18,4355,,,,,,,4355,80,4355,,,,,,,4355,5137.611111
81,81,27650,-999,-999,-999,-999,-999,-999,16177.66125,197.0297297,37,11650,,,,,,,11650,81,11650,,,,,,,11650,15980.63152
82,82,27659,28119,-999,-999,-999,-999,-999,3411.684286,298.878,2,10200,7500,,,,,,10200,82,7500,10200,,,,,,13950,3112.806286
83,83,27698,29898,-999,-999,-999,-999,-999,7314.465,342.885,8,10200,7600,,,,,,10200,83,7600,10200,,,,,,14000,6971.58
84,84,27698,-999,-999,-999,-999,-999,-999,5134.38,15.565,10,10200,,,,,,,10200,84,10200,,,,,,,10200,5118.815
85,85,27814,-999,-999,-999,-999,-999,-999,4231.485,152.3292857,14,11700,,,,,,,11700,85,11700,,,,,,,11700,4079.155714
86,86,27822,-999,-999,-999,-999,-999,-999,4231.485,152.3292857,7,12000,,,,,,,12000,86,12000,,,,,,,12000,4079.155714
87,87,27822,27814,-999,-999,-999,-999,-999,4231.485,152.3292857,1,12000,11700,,,,,,12000,87,11700,12000,,,,,,17850,4079.155714
88,88,28060,-999,-999,-999,-999,-999,-999,3429.22,228.564,10,7500,,,,,,,7500,88,7500,,,,,,,7500,3200.656
89,89,28080,-999,-999,-999,-999,-999,-999,6081.521111,143.3766667,30,6900,,,,,,,6900,89,6900,,,,,,,6900,5938.144444
90,90,28119,27650,-999,-999,-999,-999,-999,16177.66125,197.0297297,3,7500,11650,,,,,,11650,90,7500,11650,,,,,,15400,15980.63152
91,91,28119,-999,-999,-999,-999,-999,-999,3411.684286,298.878,10,7500,,,,,,,7500,91,7500,,,,,,,7500,3112.806286
92,92,28285,28292,-999,-999,-999,-999,-999,4421.385,145.994,2,7575,8300,,,,,,8300,92,7575,8300,,,,,,12087.5,4275.391
93,93,28285,28297,-999,-999,-999,-999,-999,4421.385,145.994,1,7575,8300,,,,,,8300,93,7575,8300,,,,,,12087.5,4275.391
94,94,28285,28298,-999,-999,-999,-999,-999,4421.385,145.994,1,7575,8300,,,,,,8300,94,7575,8300,,,,,,12087.5,4275.391
95,95,28285,28080,-999,-999,-999,-999,-999,5089.33,25,3,7575,6900,,,,,,7575,95,6900,7575,,,,,,11025,5064.33
96,96,28285,20680,28296,-999,-999,-999,-999,4421.385,145.994,1,7575,7025,8300,,,,,8300,96,7025,7575,8300,,,,,13843.75,4275.391
97,97,28285,27659,-999,-999,-999,-999,-999,5089.33,25,1,7575,10200,,,,,,10200,97,7575,10200,,,,,,13987.5,5064.33
98,98,28285,-999,-999,-999,-999,-999,-999,6639.479231,98.04216216,74,7575,,,,,,,7575,98,7575,,,,,,,7575,6541.437069
99,99,28285,28286,-999,-999,-999,-999,-999,6639.479231,98.04216216,4,7575,7575,,,,,,7575,99,7575,7575,,,,,,11362.5,6541.437069
100,100,28286,-999,-999,-999,-999,-999,-999,6639.479231,98.04216216,2,7575,,,,,,,7575,100,7575,,,,,,,7575,6541.437069
101,101,28292,-999,-999,-999,-999,-999,-999,8865.183333,186.6176923,13,8300,,,,,,,8300,101,8300,,,,,,,8300,8678.565641
102,102,28296,28285,-999,-999,-999,-999,-999,3028.766667,189.0075,17,8300,7575,,,,,,8300,102,7575,8300,,,,,,12087.5,2839.759167
103,103,28296,28292,-999,-999,-999,-999,-999,3165.37,748.88,3,8300,8300,,,,,,8300,103,8300,8300,,,,,,12450,2416.49
104,104,28296,-999,-999,-999,-999,-999,-999,7520.242632,231.3035938,64,8300,,,,,,,8300,104,8300,,,,,,,8300,7288.939038
105,105,28297,28285,28080,-999,-999,-999,-999,13191.83,1334.2,1,8300,7575,6900,,,,,8300,105,6900,7575,8300,,,,,13812.5,11857.63
106,106,28297,28298,28285,-999,-999,-999,-999,4421.385,145.994,1,8300,8300,7575,,,,,8300,106,7575,8300,8300,,,,,14343.75,4275.391
107,107,28297,-999,-999,-999,-999,-999,-999,14866.81,392.3428571,7,8300,,,,,,,8300,107,8300,,,,,,,8300,14474.46714
108,108,28298,28296,-999,-999,-999,-999,-999,12155.4,88.62,3,8300,8300,,,,,,8300,108,8300,8300,,,,,,12450,12066.78
109,109,28299,28285,-999,-999,-999,-999,-999,4421.385,145.994,5,8300,7575,,,,,,8300,109,7575,8300,,,,,,12087.5,4275.391
110,110,28299,28296,-999,-999,-999,-999,-999,12155.4,88.62,4,8300,8300,,,,,,8300,110,8300,8300,,,,,,12450,12066.78
111,111,28299,-999,-999,-999,-999,-999,-999,4602.6,235.4746154,13,8300,,,,,,,8300,111,8300,,,,,,,8300,4367.125385
112,112,28415,27650,-999,-999,-999,-999,-999,16177.66125,197.0297297,1,11800,11650,,,,,,11800,112,11650,11800,,,,,,17625,15980.63152
113,113,28470,-999,-999,-999,-999,-999,-999,1537.891,116.8653659,41,7625,,,,,,,7625,113,7625,,,,,,,7625,1421.025634
114,114,28485,28285,-999,-999,-999,-999,-999,6639.479231,98.04216216,1,7625,7575,,,,,,7625,114,7575,7625,,,,,,11412.5,6541.437069
115,115,28485,-999,-999,-999,-999,-999,-999,21370.766,1241.267895,19,7625,,,,,,,7625,115,7625,,,,,,,7625,20129.49811
116,116,28715,-999,-999,-999,-999,-999,-999,31227.65,10,2,11900,,,,,,,11900,116,11900,,,,,,,11900,31217.65
117,117,28715,28740,-999,-999,-999,-999,-999,31227.65,10,2,11900,11900,,,,,,11900,117,11900,11900,,,,,,17850,31217.65
118,118,28725,-999,-999,-999,-999,-999,-999,31227.65,10,3,11900,,,,,,,11900,118,11900,,,,,,,11900,31217.65
119,119,28730,-999,-999,-999,-999,-999,-999,31227.65,10,5,11900,,,,,,,11900,119,11900,,,,,,,11900,31217.65
120,120,28730,28725,-999,-999,-999,-999,-999,31227.65,10,2,11900,11900,,,,,,11900,120,11900,11900,,,,,,17850,31217.65
121,121,28740,28730,-999,-999,-999,-999,-999,31227.65,10,9,11900,11900,,,,,,11900,121,11900,11900,,,,,,17850,31217.65
122,122,28740,-999,-999,-999,-999,-999,-999,15688.415,71.7125,4,11900,,,,,,,11900,122,11900,,,,,,,11900,15616.7025
123,123,28750,28298,-999,-999,-999,-999,-999,5901.67,194.095,4,11900,8300,,,,,,11900,123,8300,11900,,,,,,16050,5707.575
124,124,28750,20680,-999,-999,-999,-999,-999,4375.31,0,3,11900,7025,,,,,,11900,124,7025,11900,,,,,,15412.5,4375.31
125,125,28750,28285,-999,-999,-999,-999,-999,19277.87,7,11,11900,7575,,,,,,11900,125,7575,11900,,,,,,15687.5,19270.87
126,126,28750,28755,-999,-999,-999,-999,-999,3375.31,446.32,1,11900,11900,,,,,,11900,126,11900,11900,,,,,,17850,2928.99
127,127,28750,-999,-999,-999,-999,-999,-999,6432.7225,319.5616667,12,11900,,,,,,,11900,127,11900,,,,,,,11900,6113.160833
128,128,28755,28285,28286,-999,-999,-999,-999,9708.88,230,1,11900,7575,7575,,,,,11900,128,7575,7575,11900,,,,,17581.25,9478.88
129,129,28755,28285,-999,-999,-999,-999,-999,9708.88,230,1,11900,7575,,,,,,11900,129,7575,11900,,,,,,15687.5,9478.88
130,130,28755,-999,-999,-999,-999,-999,-999,6432.7225,319.5616667,2,11900,,,,,,,11900,130,11900,,,,,,,11900,6113.160833
131,131,28760,-999,-999,-999,-999,-999,-999,29960.03,2995.97,1,11900,,,,,,,11900,131,11900,,,,,,,11900,26964.06
132,132,29806,29807,29822,-999,-999,-999,-999,19410.3,150,1,11700,11700,9850,,,,,11700,132,9850,11700,11700,,,,,20012.5,19260.3
133,133,29806,29807,-999,-999,-999,-999,-999,14701.035,367.7233333,8,11700,11700,,,,,,11700,133,11700,11700,,,,,,17550,14333.31167
134,134,29806,29822,-999,-999,-999,-999,-999,9981.54125,48.41506849,2,11700,9850,,,,,,11700,134,9850,11700,,,,,,16625,9933.126182
135,135,29806,29823,-999,-999,-999,-999,-999,14554.82,1455.48,1,11700,9850,,,,,,11700,135,9850,11700,,,,,,16625,13099.34
136,136,29806,29826,29807,-999,-999,-999,-999,12210.06857,1143.296296,2,11700,10125,11700,,,,,11700,136,10125,11700,11700,,,,,20081.25,11066.77227
137,137,29806,29826,-999,-999,-999,-999,-999,9980.26,1517.315,6,11700,10125,,,,,,11700,137,10125,11700,,,,,,16762.5,8462.945
138,138,29806,29827,29823,29826,29807,-999,-999,10884.56357,176.4223573,1,11700,11700,9850,10125,11700,,,11700,138,9850,10125,11700,11700,11700,,,25468.75,10708.14121
139,139,29806,29827,29826,29822,-999,-999,-999,10884.56357,176.4223573,1,11700,11700,10125,9850,,,,11700,139,9850,10125,11700,11700,,,,22543.75,10708.14121
140,140,29806,29827,29826,-999,-999,-999,-999,10884.56357,176.4223573,1,11700,11700,10125,,,,,11700,140,10125,11700,11700,,,,,20081.25,10708.14121
141,141,29806,-999,-999,-999,-999,-999,-999,10884.56357,176.4223573,27,11700,,,,,,,11700,141,11700,,,,,,,11700,10708.14121
142,142,29807,23412,29827,-999,-999,-999,-999,10884.56357,176.4223573,1,11700,10225,11700,,,,,11700,142,10225,11700,11700,,,,,20106.25,10708.14121
143,143,29807,29806,29823,29826,-999,-999,-999,10884.56357,176.4223573,2,11700,11700,9850,10125,,,,11700,143,9850,10125,11700,11700,,,,22543.75,10708.14121
144,144,29807,29822,-999,-999,-999,-999,-999,10884.56357,176.4223573,2,11700,9850,,,,,,11700,144,9850,11700,,,,,,16625,10708.14121
145,145,29807,29823,29806,-999,-999,-999,-999,10884.56357,176.4223573,1,11700,9850,11700,,,,,11700,145,9850,11700,11700,,,,,20012.5,10708.14121
146,146,29807,29823,29826,-999,-999,-999,-999,10884.56357,176.4223573,1,11700,9850,10125,,,,,11700,146,9850,10125,11700,,,,,19225,10708.14121
147,147,29807,29823,-999,-999,-999,-999,-999,10884.56357,176.4223573,3,11700,9850,,,,,,11700,147,9850,11700,,,,,,16625,10708.14121
148,148,29807,29826,29806,29822,-999,-999,-999,10884.56357,176.4223573,1,11700,10125,11700,9850,,,,11700,148,9850,10125,11700,11700,,,,22543.75,10708.14121
149,149,29807,29826,29822,-999,-999,-999,-999,10884.56357,176.4223573,1,11700,10125,9850,,,,,11700,149,9850,10125,11700,,,,,19225,10708.14121
150,150,29807,29826,29823,29822,-999,-999,-999,10884.56357,176.4223573,1,11700,10125,9850,9850,,,,11700,150,9850,9850,10125,11700,,,,21687.5,10708.14121
151,151,29807,29826,-999,-999,-999,-999,-999,10884.56357,176.4223573,7,11700,10125,,,,,,11700,151,10125,11700,,,,,,16762.5,10708.14121
152,152,29807,-999,-999,-999,-999,-999,-999,10884.56357,176.4223573,6,11700,,,,,,,11700,152,11700,,,,,,,11700,10708.14121
153,153,29822,29823,-999,-999,-999,-999,-999,10884.56357,176.4223573,5,9850,9850,,,,,,9850,153,9850,9850,,,,,,14775,10708.14121
154,154,29822,29826,23410,-999,-999,-999,-999,10884.56357,176.4223573,1,9850,10125,10225,,,,,10225,154,9850,10125,10225,,,,,17750,10708.14121
155,155,29822,29826,23412,29823,-999,-999,-999,10884.56357,176.4223573,2,9850,10125,10225,9850,,,,10225,155,9850,9850,10125,10225,,,,20212.5,10708.14121
156,156,29822,29826,23412,-999,-999,-999,-999,10884.56357,176.4223573,3,9850,10125,10225,,,,,10225,156,9850,10125,10225,,,,,17750,10708.14121
157,157,29822,29826,-999,-999,-999,-999,-999,10884.56357,176.4223573,58,9850,10125,,,,,,10125,157,9850,10125,,,,,,15050,10708.14121
158,158,29822,-999,-999,-999,-999,-999,-999,10884.56357,176.4223573,10,9850,,,,,,,9850,158,9850,,,,,,,9850,10708.14121
159,159,29823,29826,29822,-999,-999,-999,-999,10884.56357,176.4223573,21,9850,10125,9850,,,,,10125,159,9850,9850,10125,,,,,17512.5,10708.14121
160,160,29823,29826,29827,29822,-999,-999,-999,10884.56357,176.4223573,1,9850,10125,11700,9850,,,,11700,160,9850,9850,10125,11700,,,,21687.5,10708.14121
161,161,29823,29826,-999,-999,-999,-999,-999,9981.54125,48.41506849,88,9850,10125,,,,,,10125,161,9850,10125,,,,,,15050,9933.126182
162,162,29823,29827,-999,-999,-999,-999,-999,1039.75,10,6,9850,11700,,,,,,11700,162,9850,11700,,,,,,16625,1029.75
163,163,29823,-999,-999,-999,-999,-999,-999,5902.32,32.70526316,19,9850,,,,,,,9850,163,9850,,,,,,,9850,5869.614737
164,164,29826,29807,29827,-999,-999,-999,-999,9973.943554,327.863873,2,10125,11700,11700,,,,,11700,164,10125,11700,11700,,,,,20081.25,9646.079681
165,165,29826,29822,29807,-999,-999,-999,-999,9973.943554,327.863873,1,10125,9850,11700,,,,,11700,165,9850,10125,11700,,,,,19225,9646.079681
166,166,29826,29827,29822,-999,-999,-999,-999,5915,0,6,10125,11700,9850,,,,,11700,166,9850,10125,11700,,,,,19225,5915
167,167,29826,29827,29823,-999,-999,-999,-999,9906.18219,332.8097317,8,10125,11700,9850,,,,,11700,167,9850,10125,11700,,,,,19225,9573.372458
168,168,29826,-999,-999,-999,-999,-999,-999,13336.89941,265.5178,50,10125,,,,,,,10125,168,10125,,,,,,,10125,13071.38161
169,169,29827,20680,-999,-999,-999,-999,-999,1039.75,10,1,11700,7025,,,,,,11700,169,7025,11700,,,,,,15212.5,1029.75
170,170,29827,29807,29822,29826,-999,-999,-999,13885.86,17.5,1,11700,11700,9850,10125,,,,11700,170,9850,10125,11700,11700,,,,22543.75,13868.36
171,171,29827,29807,29823,-999,-999,-999,-999,14170.49,23,1,11700,11700,9850,,,,,11700,171,9850,11700,11700,,,,,20012.5,14147.49
172,172,29827,29807,29826,-999,-999,-999,-999,10884.56357,176.4223573,5,11700,11700,10125,,,,,11700,172,10125,11700,11700,,,,,20081.25,10708.14121
173,173,29827,29822,29826,29823,-999,-999,-999,13885.86,17.5,6,11700,9850,10125,9850,,,,11700,173,9850,9850,10125,11700,,,,21687.5,13868.36
174,174,29827,29822,29826,-999,-999,-999,-999,11790.90167,271.5103448,29,11700,9850,10125,,,,,11700,174,9850,10125,11700,,,,,19225,11519.39133
175,175,29827,29822,-999,-999,-999,-999,-999,7131.3,807.08,2,11700,9850,,,,,,11700,175,9850,11700,,,,,,16625,6324.22
176,176,29827,29823,29826,29806,-999,-999,-999,13885.86,17.5,1,11700,9850,10125,11700,,,,11700,176,9850,10125,11700,11700,,,,22543.75,13868.36
177,177,29827,29823,29826,-999,-999,-999,-999,11536.52286,104.3207407,54,11700,9850,10125,,,,,11700,177,9850,10125,11700,,,,,19225,11432.20212
178,178,29827,29826,29807,29823,-999,-999,-999,13885.86,17.5,1,11700,10125,11700,9850,,,,11700,178,9850,10125,11700,11700,,,,22543.75,13868.36
179,179,29827,29826,29807,-999,-999,-999,-999,10884.56357,185.7077446,1,11700,10125,11700,,,,,11700,179,10125,11700,11700,,,,,20081.25,10698.85583
180,180,29827,29826,29822,-999,-999,-999,-999,10717.52875,474.9492857,14,11700,10125,9850,,,,,11700,180,9850,10125,11700,,,,,19225,10242.57946
181,181,29827,29826,29823,-999,-999,-999,-999,9695.538333,155.9614286,21,11700,10125,9850,,,,,11700,181,9850,10125,11700,,,,,19225,9539.576904
182,182,29827,29826,-999,-999,-999,-999,-999,14306.14033,181.1477119,124,11700,10125,,,,,,11700,182,10125,11700,,,,,,16762.5,14124.99262
183,183,29827,-999,-999,-999,-999,-999,-999,11204.61,50.10368421,19,11700,,,,,,,11700,183,11700,,,,,,,11700,11154.50632
184,184,29838,29834,-999,-999,-999,-999,-999,8756.63,107.5,3,9275,9275,,,,,,9275,184,9275,9275,,,,,,13912.5,8649.13
185,185,29838,-999,-999,-999,-999,-999,-999,8756.63,107.5,5,9275,,,,,,,9275,185,9275,,,,,,,9275,8649.13
186,186,29840,-999,-999,-999,-999,-999,-999,3190,0,3,9000,,,,,,,9000,186,9000,,,,,,,9000,3190
187,187,29844,29845,-999,-999,-999,-999,-999,4891.951111,163.8225,1,9000,9000,,,,,,9000,187,9000,9000,,,,,,13500,4728.128611
188,188,29844,-999,-999,-999,-999,-999,-999,3542.63,734.93,1,9000,,,,,,,9000,188,9000,,,,,,,9000,2807.7
189,189,29845,20680,-999,-999,-999,-999,-999,4315.69,282.7825,1,9000,7025,,,,,,9000,189,7025,9000,,,,,,12512.5,4032.9075
190,190,29845,-999,-999,-999,-999,-999,-999,4891.951111,163.8225,3,9000,,,,,,,9000,190,9000,,,,,,,9000,4728.128611
191,191,29846,20680,-999,-999,-999,-999,-999,4315.69,282.7825,1,9000,7025,,,,,,9000,191,7025,9000,,,,,,12512.5,4032.9075
192,192,29846,29845,-999,-999,-999,-999,-999,4891.951111,163.8225,1,9000,9000,,,,,,9000,192,9000,9000,,,,,,13500,4728.128611
193,193,29846,-999,-999,-999,-999,-999,-999,3038.46,128.4866667,6,9000,,,,,,,9000,193,9000,,,,,,,9000,2909.973333
194,194,29848,26055,-999,-999,-999,-999,-999,4315.69,282.7825,5,6900,6945,,,,,,6945,194,6900,6945,,,,,,10395,4032.9075
195,195,29848,-999,-999,-999,-999,-999,-999,4891.951111,163.8225,33,6900,,,,,,,6900,195,6900,,,,,,,6900,4728.128611
196,196,29880,29881,29882,-999,-999,-999,-999,19108.97,59.93,1,7570,7570,11100,,,,,11100,196,7570,7570,11100,,,,,16777.5,19049.04
197,197,29880,29881,-999,-999,-999,-999,-999,11884.04,54.55285714,15,7570,7570,,,,,,7570,197,7570,7570,,,,,,11355,11829.48714
198,198,29880,-999,-999,-999,-999,-999,-999,6669.235135,129.5642623,183,7570,,,,,,,7570,198,7570,,,,,,,7570,6539.670873
199,199,29881,29883,-999,-999,-999,-999,-999,17352.71156,254.5128399,1,7570,11100,,,,,,11100,199,7570,11100,,,,,,14885,17098.19872
200,200,29881,-999,-999,-999,-999,-999,-999,7412.54427,211.2067312,413,7570,,,,,,,7570,200,7570,,,,,,,7570,7201.337539
201,201,29882,29881,-999,-999,-999,-999,-999,7467.12,0,9,11100,7570,,,,,,11100,201,7570,11100,,,,,,14885,7467.12
202,202,29882,29883,-999,-999,-999,-999,-999,17352.71156,254.5128399,1,11100,11100,,,,,,11100,202,11100,11100,,,,,,16650,17098.19872
203,203,29882,-999,-999,-999,-999,-999,-999,28384.11,1577.450556,18,11100,,,,,,,11100,203,11100,,,,,,,11100,26806.65944
204,204,29883,29888,-999,-999,-999,-999,-999,59854.31,0,1,11100,14400,,,,,,14400,204,11100,14400,,,,,,19950,59854.31
205,205,29888,20680,29881,-999,-999,-999,-999,19340.11,80.71,2,14400,7025,7570,,,,,14400,205,7025,7570,14400,,,,,19941.25,19259.4
206,206,29888,29880,20680,-999,-999,-999,-999,19340.11,80.71,1,14400,7570,7025,,,,,14400,206,7025,7570,14400,,,,,19941.25,19259.4
207,207,29888,29880,29881,-999,-999,-999,-999,19108.97,59.93,3,14400,7570,7570,,,,,14400,207,7570,7570,14400,,,,,20077.5,19049.04
208,208,29888,29880,29882,-999,-999,-999,-999,10655.81,1212,2,14400,7570,11100,,,,,14400,208,7570,11100,14400,,,,,21842.5,9443.81
209,209,29888,29880,-999,-999,-999,-999,-999,14159.72,30.41,10,14400,7570,,,,,,14400,209,7570,14400,,,,,,18185,14129.31
210,210,29888,29881,-999,-999,-999,-999,-999,16245.60091,402.2451613,39,14400,7570,,,,,,14400,210,7570,14400,,,,,,18185,15843.35575
211,211,29888,29882,20680,-999,-999,-999,-999,19340.11,80.71,1,14400,11100,7025,,,,,14400,211,7025,11100,14400,,,,,21706.25,19259.4
212,212,29888,29882,29881,-999,-999,-999,-999,2955.24,51.305,5,14400,11100,7570,,,,,14400,212,7570,11100,14400,,,,,21842.5,2903.935
213,213,29888,29882,-999,-999,-999,-999,-999,13400.9375,683.962,12,14400,11100,,,,,,14400,213,11100,14400,,,,,,19950,12716.9755
214,214,29888,-999,-999,-999,-999,-999,-999,19669.15875,121.0573913,46,14400,,,,,,,14400,214,14400,,,,,,,14400,19548.10136
215,215,29891,29897,29898,-999,-999,-999,-999,6083.87,61.25,2,7600,7600,7600,,,,,7600,215,7600,7600,7600,,,,,13300,6022.62
216,216,29891,29898,-999,-999,-999,-999,-999,6083.87,61.25,6,7600,7600,,,,,,7600,216,7600,7600,,,,,,11400,6022.62
217,217,29891,-999,-999,-999,-999,-999,-999,6083.87,61.25,2,7600,,,,,,,7600,217,7600,,,,,,,7600,6022.62
218,218,29895,-999,-999,-999,-999,-999,-999,27277.23,241.4033333,6,7600,,,,,,,7600,218,7600,,,,,,,7600,27035.82667
219,219,29897,27698,-999,-999,-999,-999,-999,5007.57,333.8366667,3,7600,10200,,,,,,10200,219,7600,10200,,,,,,14000,4673.733333
220,220,29897,29898,-999,-999,-999,-999,-999,6083.87,61.25,1,7600,7600,,,,,,7600,220,7600,7600,,,,,,11400,6022.62
221,221,29897,-999,-999,-999,-999,-999,-999,19115.01,978.8466667,3,7600,,,,,,,7600,221,7600,,,,,,,7600,18136.16333
222,222,29898,20680,-999,-999,-999,-999,-999,6136.21,0,6,7600,7025,,,,,,7600,222,7025,7600,,,,,,11112.5,6136.21
223,223,29898,20680,-999,-999,-999,-999,-999,3114.086667,53.33333333,3,7600,7025,,,,,,7600,223,7025,7600,,,,,,11112.5,3060.753334
224,224,29898,29894,-999,-999,-999,-999,-999,6083.87,61.25,7,7600,7600,,,,,,7600,224,7600,7600,,,,,,11400,6022.62
225,225,29898,-999,-999,-999,-999,-999,-999,3053.475,27.52380952,21,7600,,,,,,,7600,225,7600,,,,,,,7600,3025.95119
226,226,62320,62322,-999,-999,-999,-999,-999,38739.63,0,1,4525,4525,,,,,,4525,226,4525,4525,,,,,,6787.5,38739.63
227,227,62320,-999,-999,-999,-999,-999,-999,27537.86,8.321,20,4525,,,,,,,4525,227,4525,,,,,,,4525,27529.539
228,228,62321,62320,-999,-999,-999,-999,-999,3601.683333,42.72824147,5,4525,4525,,,,,,4525,228,4525,4525,,,,,,6787.5,3558.955092
229,229,62321,62323,62322,-999,-999,-999,-999,8691.11,393.8,1,4525,4525,4525,,,,,4525,229,4525,4525,4525,,,,,7918.75,8297.31
230,230,62321,62323,-999,-999,-999,-999,-999,862.54,31.25,5,4525,4525,,,,,,4525,230,4525,4525,,,,,,6787.5,831.29
231,231,62321,-999,-999,-999,-999,-999,-999,3601.683333,42.72824147,383,4525,,,,,,,4525,231,4525,,,,,,,4525,3558.955092
232,232,62322,-999,-999,-999,-999,-999,-999,9463.885,332.38,28,4525,,,,,,,4525,232,4525,,,,,,,4525,9131.505
233,233,62323,64483,-999,-999,-999,-999,-999,5359.865,448.115,9,4525,4525,,,,,,4525,233,4525,4525,,,,,,6787.5,4911.75
234,234,62323,64490,64491,-999,-999,-999,-999,4044.43,1086.23,1,4525,4525,4525,,,,,4525,234,4525,4525,4525,,,,,7918.75,2958.2
235,235,62323,-999,-999,-999,-999,-999,-999,2408.58125,40.56012704,551,4525,,,,,,,4525,235,4525,,,,,,,4525,2368.021123
236,236,63005,63030,-999,-999,-999,-999,-999,16396.73,2980,1,14300,14300,,,,,,14300,236,14300,14300,,,,,,21450,13416.73
237,237,63030,63050,-999,-999,-999,-999,-999,18377.57912,616.466592,1,14300,14300,,,,,,14300,237,14300,14300,,,,,,21450,17761.11253
238,238,63030,63056,-999,-999,-999,-999,-999,28799.72,0,2,14300,,,,,,,14300,238,14300,,,,,,,14300,28799.72
239,239,63030,63047,-999,-999,-999,-999,-999,13350.94,449.84,11,14300,14300,,,,,,14300,239,14300,14300,,,,,,21450,12901.1
240,240,63030,63035,-999,-999,-999,-999,-999,22970.795,0,7,14300,16560,,,,,,16560,240,14300,16560,,,,,,23710,22970.795
241,241,63030,-999,-999,-999,-999,-999,-999,10369.71059,268.9595522,68,14300,,,,,,,14300,241,14300,,,,,,,14300,10100.75104
242,242,63042,-999,-999,-999,-999,-999,-999,12399.215,986.118,7,14300,,,,,,,14300,242,14300,,,,,,,14300,11413.097
243,243,63045,63048,-999,-999,-999,-999,-999,16306.02,360,2,14300,16560,,,,,,16560,243,14300,16560,,,,,,23710,15946.02
244,244,63047,63048,-999,-999,-999,-999,-999,30213.44833,594.3094444,30,14300,16560,,,,,,16560,244,14300,16560,,,,,,23710,29619.13889
247,247,64479,64480,-999,-999,-999,-999,-999,2057.336,50.24307692,27,4525,4525,,,,,,4525,247,4525,4525,,,,,,6787.5,2007.092923
248,248,64479,-999,-999,-999,-999,-999,-999,1427.36,27.29212121,36,4525,,,,,,,4525,248,4525,,,,,,,4525,1400.067879
249,249,64483,64480,-999,-999,-999,-999,-999,2590.028193,29.87106732,1,4525,4525,,,,,,4525,249,4525,4525,,,,,,6787.5,2560.157126
250,250,64483,64484,-999,-999,-999,-999,-999,2590.028193,29.87106732,632,4525,4525,,,,,,4525,250,4525,4525,,,,,,6787.5,2560.157126
251,251,64483,-999,-999,-999,-999,-999,-999,2070.272903,49.33061497,374,4525,,,,,,,4525,251,4525,,,,,,,4525,2020.942288
252,252,64490,64491,64492,62321,-999,-999,-999,964.65,0,5,4525,4525,4525,4525,,,,4525,252,4525,4525,4525,4525,,,,9050,964.65
253,253,64490,64491,64492,-999,-999,-999,-999,4607.284074,34.7047619,116,4525,4525,4525,,,,,4525,253,4525,4525,4525,,,,,7918.75,4572.579312
254,254,64490,64491,-999,-999,-999,-999,-999,2673.803333,69.24861538,65,4525,4525,,,,,,4525,254,4525,4525,,,,,,6787.5,2604.554718
255,255,64490,-999,-999,-999,-999,-999,-999,1926.31,26.5253125,32,4525,,,,,,,4525,255,4525,,,,,,,4525,1899.784688
256,256,64491,64492,62323,-999,-999,-999,-999,4044.43,1086.23,1,4525,4525,4525,,,,,4525,256,4525,4525,4525,,,,,7918.75,2958.2
257,257,64633,64634,64490,64491,64492,-999,-999,11039.7,795.81,1,4875,4875,4525,4525,4525,,,4875,257,4525,4525,4525,4875,4875,,,10706.25,10243.89
258,258,64633,64634,-999,-999,-999,-999,-999,3346.325333,165.0752273,48,4875,4875,,,,,,4875,258,4875,4875,,,,,,7312.5,3181.250106
259,259,64633,-999,-999,-999,-999,-999,-999,1358.95,8.333333333,6,4875,,,,,,,4875,259,4875,,,,,,,4875,1350.616667
260,260,64634,-999,-999,-999,-999,-999,-999,1358.95,8.333333333,2,4875,,,,,,,4875,260,4875,,,,,,,4875,1350.616667
261,261,64635,64636,-999,-999,-999,-999,-999,3059.556042,43.53166667,183,4875,4875,,,,,,4875,261,4875,4875,,,,,,7312.5,3016.024375
262,262,64635,-999,-999,-999,-999,-999,-999,1353.63,41.26047619,21,4875,,,,,,,4875,262,4875,,,,,,,4875,1312.369524
263,263,64721,25607,25608,-999,-999,-999,-999,8067.2,8.7325,1,6900,11500,11500,,,,,11500,263,6900,11500,11500,,,,,18975,8058.4675
264,264,64721,26055,-999,-999,-999,-999,-999,5785.558,166.5958333,25,6900,6945,,,,,,6945,264,6900,6945,,,,,,10395,5618.962167
265,265,64721,-999,-999,-999,-999,-999,-999,6144.365,250.6162431,182,6900,,,,,,,6900,265,6900,,,,,,,6900,5893.748757